<?xml version="1.0" encoding="iso-8859-1" ?>

<?xml-stylesheet type="application/xml" href="equipe.xsl"?>

<equipes_selectionnees annee ="2014">
	
	<equipe pays="Le Bresil"  drapeau="Brazil" chapeau="1" groupe="A" />
	<equipe pays="L'Espagne"  drapeau="Spain" chapeau="1" groupe="B" />
	<equipe pays="L'Allemagne"  drapeau="Germany" chapeau="1" groupe="G" />
	<equipe pays="L'Argentine"  drapeau="Argentina" chapeau="1" groupe="F" />
	<equipe pays="La Colombie"  drapeau="Colombia" chapeau="1" groupe="C" />
	<equipe pays="La Belgique"  drapeau="Belgium" chapeau="1" groupe="H" />
	<equipe pays="L'Uruguay"  drapeau="Uruguay" chapeau="1" groupe="D" />
	<equipe pays="La Suisse"  drapeau="Switzerland" chapeau="1" groupe="E" /> 
		
	<equipe pays="L'Italie"  drapeau="Italy" chapeau="2" groupe="D" />
	<equipe pays="Le Chili"  drapeau="Chile" chapeau="2" groupe="B" />
	<equipe pays="L'Equateur"  drapeau="Ecuador" chapeau="2" groupe="E" />
	<equipe pays="La Cote d'Ivoire"  drapeau="C�te_d'Ivoire" chapeau="2" groupe="C" />
	<equipe pays="Le Ghana"  drapeau="Ghana" chapeau="2" groupe="G" />
	<equipe pays="L'Algerie"  drapeau="Algeria" chapeau="2" groupe="H" />
	<equipe pays="Le Nigeria"  drapeau="Nigeria" chapeau="2" groupe="F" />
	<equipe pays="Le Cameroun"  drapeau="Cameroon" chapeau="2" groupe="A" />
	
	<equipe pays="Les Etats-Unis"  drapeau="the_United_States" chapeau="3" groupe="G" />
	<equipe pays="Le Mexique"  drapeau="Mexico" chapeau="3" groupe="A" />
	<equipe pays="Le Costa-Rica"  drapeau="Costa_Rica" chapeau="3" groupe="D" />
	<equipe pays="L'Honduras"  drapeau="Honduras" chapeau="3" groupe="E" />
	<equipe pays="L'Iran"  drapeau="Iran" chapeau="3" groupe="F" />
	<equipe pays="Le Japon"  drapeau="Japan" chapeau="3" groupe="C" />
	<equipe pays="La Coree du Sud"  drapeau="South_Korea" chapeau="3" groupe="H" /> 
	<equipe pays="L'Australie"  drapeau="Australia" chapeau="3" groupe="B" />
				
	<equipe pays="L'Angleterre"  drapeau="England" chapeau="4" groupe="D" />
	<equipe pays="La Bosnie-Herzegovine"  drapeau="Bosnia_and_Herzegovina" chapeau="4" groupe="F" />
	<equipe pays="La Croatie"  drapeau="Croatia" chapeau="4" groupe="A" />
	<equipe pays="La France"  drapeau="France" chapeau="4" groupe="E" />
	<equipe pays="La Grece"  drapeau="Greece" chapeau="4" groupe="C" />
	<equipe pays="Les Pays-Bas"  drapeau="the_Netherlands" chapeau="4" groupe="B" />
	<equipe pays="Le Portugal"  drapeau="Portugal" chapeau="4" groupe="G" />
	<equipe pays="La Russie"  drapeau="Russia" chapeau="4" groupe="H" />
</equipes_selectionnees>