<?xml version="1.0" encoding="iso-8859-1" ?>

<?xml-stylesheet type="application/xml" href="equipe.xsl"?>

<equipes_selectionnees annee ="2018">
	
	<equipe pays="Le Bresil"  drapeau="Brazil" chapeau="1" groupe="E" />
	<equipe pays="L'Espagne"  drapeau="Spain" chapeau="2" groupe="B" />
	<equipe pays="L'Allemagne"  drapeau="Germany" chapeau="1" groupe="F" />
	<equipe pays="L'Argentine"  drapeau="Argentina" chapeau="1" groupe="D" />
	<equipe pays="La Colombie"  drapeau="Colombia" chapeau="2" groupe="H" />
	<equipe pays="La Belgique"  drapeau="Belgium" chapeau="1" groupe="G" />
	<equipe pays="L'Uruguay"  drapeau="Uruguay" chapeau="2" groupe="A" />
	<equipe pays="La Suisse"  drapeau="Switzerland" chapeau="2" groupe="E" /> 
		
	<equipe pays="Le Maroc"  drapeau="Maroc" chapeau="4" groupe="B" />
	<equipe pays="La Tunisie"  drapeau="Tunisie" chapeau="3" groupe="G" />
	<equipe pays="La Pologne"  drapeau="Pologne" chapeau="1" groupe="H" />
	<equipe pays="Le Panama"  drapeau="Panama" chapeau="4" groupe="G" />
	<equipe pays="Le Senegal"  drapeau="Senegal" chapeau="3" groupe="H" />
	<equipe pays="Le Perou"  drapeau="Perou" chapeau="2" groupe="C" />
	<equipe pays="Le Danemark"  drapeau="Denmark" chapeau="3" groupe="C" />
	<equipe pays="La Serbie"  drapeau="Serbie" chapeau="4" groupe="E" />
	
	<equipe pays="La Suede"  drapeau="Suede" chapeau="3" groupe="F" />
	<equipe pays="Le Mexique"  drapeau="Mexico" chapeau="2" groupe="F" />
	<equipe pays="Le Costa-Rica"  drapeau="Costa_Rica" chapeau="3" groupe="E" />
	<equipe pays="L'Islande"  drapeau="Islande" chapeau="3" groupe="D" />
	<equipe pays="L'Iran"  drapeau="Iran" chapeau="3" groupe="B" />
	<equipe pays="Le Japon"  drapeau="Japan" chapeau="4" groupe="H" />
	<equipe pays="La Coree du Sud"  drapeau="South_Korea" chapeau="4" groupe="F" /> 
	<equipe pays="L'Australie"  drapeau="Australia" chapeau="4" groupe="C" />
				
	<equipe pays="L'Angleterre"  drapeau="England" chapeau="2" groupe="G" />
	<equipe pays="Le Nigeria"  drapeau="Nigeria" chapeau="4" groupe="D" />
	<equipe pays="La Croatie"  drapeau="Croatia" chapeau="2" groupe="D" />
	<equipe pays="La France"  drapeau="France" chapeau="1" groupe="C" />
	<equipe pays="L'Egypte"  drapeau="Egypte" chapeau="3" groupe="A" />
	<equipe pays="L'Arabie saoudite"  drapeau="Arabie" chapeau="4" groupe="A" />
	<equipe pays="Le Portugal"  drapeau="Portugal" chapeau="1" groupe="B" />
	<equipe pays="La Russie"  drapeau="Russia" chapeau="1" groupe="A" />
</equipes_selectionnees>